id,name,category,address,road_address,lat,lon
150499518,에이비카페,cafe_24h,서울 강남구 역삼동 618-15,서울 강남구 강남대로102길 32,37.5028968235922,127.027934215372
23609896,미노스,cafe_24h,서울 강남구 신사동 547-1,서울 강남구 가로수길 80,37.5231741450733,127.022683742911
23634701,탐앤탐스 역삼점,cafe_24h,서울 강남구 역삼동 769-12,서울 강남구 논현로 338,37.495420471560514,127.03981416167038
26852745,네버랜드,cafe_24h,서울 강남구 논현동 180-2,서울 강남구 봉은사로7길 32,37.5076326644887,127.027261897244
1362430493,더노벰버라운지 강남역KG타워점,cafe_24h,서울 강남구 역삼동 819-5,서울 강남구 테헤란로5길 7,37.4992654441335,127.029278615838
16848628,탐앤탐스 더클래식압구정로데오점,cafe_24h,서울 강남구 신사동 665-1,서울 강남구 선릉로 823,37.52572134280702,127.0395417819708
1078747027,커피효과,cafe_24h,서울 강남구 역삼동 792-53,서울 강남구 역삼로20길 12,37.494457106157,127.037642490143
26784084,커피스미스 본사점,cafe_24h,서울 강남구 역삼동 828,서울 강남구 테헤란로8길 25,37.4972950957926,127.032157004364
1551955711,카페프라미스,cafe_24h,서울 강남구 논현동 201-4,서울 강남구 봉은사로 113,37.5052687406096,127.025867675625
1793439352,아토커피 역삼점,cafe_24h,서울 강남구 역삼동 672-4,서울 강남구 테헤란로33길 34,37.5039966112702,127.038720556732
1866626734,라운지엑스 24h 강남역점,cafe_24h,서울 강남구 역삼동 825-9,서울 강남구 강남대로 378,37.49665538680532,127.0286330147522
436044379,부엉이다방 24시카페무인 본점,cafe_24h,서울 강남구 대치동 916-32,서울 강남구 역삼로78길 14,37.5014690705285,127.057045781977
1576206580,아토커피 논현점,cafe_24h,서울 강남구 논현동 137,서울 강남구 학동로18길 18,37.5116222959121,127.027335736834
1697168139,엔제리너스 선릉골드로즈점,cafe_24h,서울 강남구 대치동 890-59,서울 강남구 선릉로86길 31,37.5040454399785,127.052299984295
13948644,백억커피 강남점,cafe_24h,서울 강남구 역삼동 834-63,서울 강남구 역삼로14길 18,37.4934486244642,127.035556793665
271081505,셀렉커피랩,cafe_24h,서울 강남구 역삼동 662-12,서울 강남구 테헤란로39길 50,37.5056934758663,127.040595470315
1899866602,마니달오 논현점,cafe_24h,서울 강남구 논현동 51-11,서울 강남구 학동로3길 7,37.5119756210917,127.022434909705
1270925031,카페만월경 대치중앙점,cafe_24h,서울 강남구 대치동 932-20,서울 강남구 삼성로63길 11,37.49975428379212,127.05922709968263
1822948434,카페인24 학동플래그십스토어,cafe_24h,서울 강남구 논현동 80-14,서울 강남구 논현로136길 9,37.5160507993273,127.030721717994
1315775230,셀렉커피랩 논현직영점,cafe_24h,서울 강남구 논현동 160-6,서울 강남구 강남대로122길 39-9,37.5089520863556,127.025697029868
1535599307,카페원,cafe_24h,서울 강남구 일원동 734,서울 강남구 광평로10길 15,37.48204060757786,127.08167637752388
554914258,럭키스팟 강남구청점,cafe_24h,서울 강남구 청담동 40-25,서울 강남구 선릉로 714,37.518628161337,127.040974633807
2033821527,더커피24 대치은마점,cafe_24h,서울 강남구 대치동 990,서울 강남구 도곡로 516,37.4991811005361,127.062987966141
1864949609,카페홈즈 학동점,cafe_24h,서울 강남구 논현동 213-11,서울 강남구 학동로34길 14,37.51369124779321,127.0333878909989
288759979,일프레소 대치,cafe_24h,서울 강남구 대치동 962-24,서울 강남구 삼성로70길 7,37.5022442995702,127.059949468853
174805770,플러스82 강남논현점,cafe_24h,서울 강남구 논현동 147-19,서울 강남구 강남대로124길 48,37.5098890368498,127.026127148302
526343451,데이롱카페 역삼럭키점,cafe_24h,서울 강남구 도곡동 544-4,서울 강남구 도곡로 192,37.4919396843189,127.040394662919
860265321,카페디자인프로젝트,cafe_24h,서울 강남구 논현동 232,서울 강남구 언주로113길 17,37.5090863695004,127.03593066463
670977142,카페플랫,cafe_24h,서울 강남구 수서동 746,서울 강남구 광평로19길 10,37.4840939665162,127.086786917017
1988447624,달빛서원,cafe_24h,서울 강남구 수서동 736,서울 강남구 광평로47길 17,37.48729776643141,127.09958680389616
1730010506,카페 희날,cafe_24h,서울 강남구 자곡동 611,서울 강남구 자곡로 101,37.47262162420669,127.0958457784213
247715149,데이롱카페 강남자곡점,cafe_24h,서울 강남구 자곡동 671,서울 강남구 밤고개로 227,37.474179845887335,127.10695725650874
84618093,카페만월경 선정릉점,cafe_24h,서울 강남구 역삼동 687,서울 강남구 언주로108길 8,37.5080668294971,127.040284594608
1886251636,만월경,cafe_24h,서울 강남구 논현동 218-21,,37.5117112232848,127.035174104067
397228630,카페만월경 강남대치점,cafe_24h,서울 강남구 대치동 511,서울 강남구 삼성로 150,37.49508322403172,127.06645840921536
1048933145,머물다,cafe_24h,서울 강남구 역삼동 695-30,서울 강남구 선릉로99길 12,37.506348997836895,127.04658895132958
72606696,오마이주스,cafe_24h,서울 강남구 논현동 141-7,서울 강남구 학동로2길 19,37.5101464892974,127.022918451319
275015648,데이롱카페 서초양재점,cafe_24h,서울 서초구 양재동 8-23,서울 서초구 바우뫼로39길 96,37.4837842595344,127.038907987439
1007059308,유캔두잇 서울잠실점,cafe_24h,서울 송파구 잠실동 214-18,서울 송파구 올림픽로12길 36,37.5081911093673,127.083416093592
797746445,셀프리커피 송파삼전점,cafe_24h,서울 송파구 삼전동 31-4,서울 송파구 백제고분로22길 16,37.5025226180851,127.088730830979
1155249092,더리터24 송파삼전점,cafe_24h,서울 송파구 삼전동 60-12,서울 송파구 백제고분로28길 10,37.5021940008758,127.091938887487
1047198266,투썸플레이스 강남KI타워점,cafe_24h,서울 서초구 서초동 1309-8,서울 서초구 강남대로69길 8,37.50185238230542,127.0246767647927
1608013364,셀렉토커피 신논현점,cafe_24h,서울 서초구 반포동 746,서울 서초구 강남대로79길 31,37.504441401079,127.022526524945
1586837063,무인카페플랫24시 일원점,cafe_24h,서울 강남구 일원동 739,서울 강남구 광평로10길 50,37.4810628140849,127.083252514775
1842722358,24시 무인카페 만월경 수서역점,cafe_24h,서울 강남구 수서동 712,서울 강남구 광평로51길 22,37.48919052294323,127.10407041053269
286713427,카페만월경 논현직영점,cafe_24h,서울 서초구 잠원동 40-4,서울 서초구 신반포로47길 5,37.5109688241219,127.019470095737
81383084,카페만월경 헬리오시티점,cafe_24h,서울 송파구 가락동 913,서울 송파구 송파대로 345,37.49778273058353,127.10280445883221
1053859534,카페와이요,cafe_24h,서울 강동구 성내동 118-40,서울 강동구 천호옛길 61,37.53461787669845,127.12403741224247
1656333849,비트카페라운지,cafe_24h,서울 강동구 천호동 469-1,서울 강동구 구천면로 140,37.5422782204591,127.120514058647
382817482,브루브루 천호점,cafe_24h,서울 강동구 천호동 423-200,서울 강동구 올림픽로78길 60,37.54103106739652,127.12837042263826
1786872691,커피랑도서관 고덕역점,cafe_24h,서울 강동구 명일동 47-16,서울 강동구 동남로75길 13-25,37.55306646341982,127.15547256475864
1776791756,카페프리헷 명일점,cafe_24h,서울 강동구 명일동 28,서울 강동구 고덕로46길 71,37.5514636293557,127.14627439756
384756670,카페만월경 길동점,cafe_24h,서울 강동구 길동 137-2,서울 강동구 명일로 200-33,37.537082216898604,127.14746035272479
1492161420,카페만월경 강동천호점,cafe_24h,서울 강동구 천호동 166-4,서울 강동구 진황도로 36,37.5384647368784,127.13108948602
1516508216,카페인24 강동암사점,cafe_24h,서울 강동구 암사동 509,서울 강동구 상암로 11,37.5509911662975,127.12627128874495
2117240743,에그카페24 강동점,cafe_24h,서울 강동구 암사동 458,서울 강동구 고덕로 68,37.5545644321916,127.13292051093
1641589289,커피에반하다 강일역점 스마트 무인카페,cafe_24h,서울 강동구 강일동 722,서울 강동구 고덕로 433,37.5575347888762,127.173997506183
1581130219,오늘도수혈,cafe_24h,서울 강동구 둔촌동 62-8,서울 강동구 풍성로65길 64,37.530512585265,127.141184232512
1492248014,카페만월경 둔촌푸르지오점,cafe_24h,서울 강동구 둔촌동 630,서울 강동구 명일로 176,37.5344999233521,127.14530218346
1123968232,티타임커피 암사대교점,cafe_24h,서울 강동구 고덕동 486,서울 강동구 양재대로 1708,37.55820915580393,127.14500641414496
624687882,24시만화카페,cafe_24h,서울 강동구 천호동 410-13,서울 강동구 천호대로157길 38,37.53934410251152,127.12781083770487
1373872165,24시탁구카페플러스 고덕점,cafe_24h,서울 강동구 명일동 47-4,서울 강동구 동남로75길 19,37.5541300271019,127.155178265511
1492142909,카페만월경 풍납동점,cafe_24h,서울 송파구 풍납동 257-103,서울 송파구 토성로 27,37.530566809868,127.113451384891
1404885398,카페프리헷 하남미사로얄듀크점,cafe_24h,경기 하남시 풍산동 477,경기 하남시 미사강변서로 45,37.55520255840534,127.18380982782577
1450922859,데이롱카페 광나루점,cafe_24h,서울 광진구 광장동 259-1,서울 광진구 광장로 61,37.5474404450551,127.103977070462
1730914717,더블네거티브 성내,cafe_24h,서울 강동구 성내동 447-3,서울 강동구 성안로 17,37.5255219186767,127.12940498404
529443380,더리터24 천호점,cafe_24h,서울 강동구 천호동 297-10,서울 강동구 구천면로 275,37.54471768120856,127.13269368567951
380498144,카페그린비,cafe_24h,서울 강동구 암사동 498-24,서울 강동구 올림픽로100길 40,37.5518576521416,127.130663663425
574939125,디저트카페제이,cafe_24h,서울 강동구 강일동 76-2,서울 강동구 아리수로93나길 38,37.5719499075976,127.173931422498
20007815,엔제리너스 수유역점,cafe_24h,서울 강북구 수유동 229-5,서울 강북구 도봉로 333,37.6378233105929,127.025115942668
1033964356,투썸플레이스 4.19사거리점,cafe_24h,서울 강북구 수유동 279-92,서울 강북구 삼양로 513,37.64884151637022,127.01374963309777
2015364415,경스커피 수유본점,cafe_24h,서울 강북구 번동 416-121,서울 강북구 한천로131길 23,37.6382625224947,127.027229114151
1523361819,백억커피 미아사거리점,cafe_24h,서울 강북구 미아동 53-19,서울 강북구 월계로7길 67,37.6131232003772,127.034110726519
1874272348,하루나 커피,cafe_24h,서울 강북구 미아동 3-97,서울 강북구 오현로 42,37.6164819824518,127.034465650096
996162824,카페프리헷 미아점,cafe_24h,서울 강북구 미아동 1357-5,서울 강북구 삼양로19길 102,37.616679428320914,127.01751433707341
88746608,카페엠365,cafe_24h,서울 강북구 번동 269-2,서울 강북구 한천로109길 13,37.6283063250687,127.043319702076
2088575938,카페프리헷 번동점,cafe_24h,서울 강북구 번동 222,서울 강북구 월계로37길 91,37.6261031500009,127.044029824285
861737008,데이롱카페 강북미아점,cafe_24h,서울 강북구 미아동 84-22,서울 강북구 오패산로30길 31,37.6146113996035,127.034911042785
764783776,카페프리헷 수유우이점,cafe_24h,서울 강북구 수유동 293-5,서울 강북구 삼양로117길 60,37.6443736298671,127.012939789412
891608741,카페 로,cafe_24h,서울 강북구 미아동 192-5,서울 강북구 도봉로68길 36,37.631340432757,127.026430171333
1330390857,데이롱카페 쌍문샛별점,cafe_24h,서울 도봉구 쌍문동 315-414,서울 도봉구 도봉로109길 98,37.6484144152382,127.028897406656
572339689,카페프리헷 쌍문역남부점,cafe_24h,서울 도봉구 쌍문동 103-53,서울 도봉구 도봉로109길 31,37.646900983002,127.031555119209
1441036898,카페만월경 창동점,cafe_24h,서울 도봉구 창동 341,서울 도봉구 해등로 79,37.65066675786521,127.04138362287439
539950049,카페프리헷 방학우성점,cafe_24h,서울 도봉구 방학동 507,서울 도봉구 해등로32길 8,37.65785081996007,127.02291277965573
1114761528,백억커피 창동점,cafe_24h,서울 도봉구 창동 286-10,서울 도봉구 해등로16길 46,37.65516950205176,127.04241737500767
832224226,24시무인카페 더웨일,cafe_24h,서울 도봉구 창동 38-1,서울 도봉구 덕릉로 398,37.6457679103946,127.053131177396
1517596494,나우커피 쌍문점,cafe_24h,서울 도봉구 쌍문동 709-23,서울 도봉구 도봉로141길 39,37.6615619767702,127.03980752417
990674604,와겐커피 방학역점,cafe_24h,서울 도봉구 방학동 716-14,서울 도봉구 도봉로150마길 15,37.6666921290722,127.044917456739
1504736151,카페만월경 하계점,cafe_24h,서울 노원구 하계동 354,서울 노원구 동일로207길 184,37.637246267624,127.060865580248
1657461720,카페프리헷 정릉풍림점,cafe_24h,서울 성북구 정릉동 239,서울 성북구 솔샘로 116,37.61646143537694,127.00912129244661
1360687763,카이모 정릉점,cafe_24h,서울 성북구 정릉동 266-313,서울 성북구 보국문로16길 68,37.612816839670494,127.01029875379733
1523633973,정다방,cafe_24h,서울 도봉구 방학동 685-3,서울 도봉구 도봉로147길 60,37.665202990476196,127.03936290981702
1372743514,블렌드카페 2호점,cafe_24h,서울 도봉구 방학동 690-89,서울 도봉구 방학로6길 6,37.6632755170162,127.037440832261
1210808724,카페프리헷 상계1단지점,cafe_24h,서울 노원구 상계동 767-5,서울 노원구 덕릉로 459-37,37.646790120923015,127.0596360025925
138222100,카페인24 월계점,cafe_24h,서울 노원구 월계동 320-11,서울 노원구 월계로55길 3,37.6317125452193,127.060612964115
17757837,투썸플레이스 노원문화의거리점,cafe_24h,서울 노원구 상계동 593-14,서울 노원구 상계로 69,37.65640383683467,127.0626695058445
26570316,할리스 노원문화의거리점,cafe_24h,서울 노원구 상계동 332-1,서울 노원구 노해로81길 22-26,37.65581661110308,127.06394845727033
1599973338,카페인24 정릉점,cafe_24h,서울 성북구 정릉동 194-6,서울 성북구 서경로 34,37.6065174780947,127.015320553286
143200693,카페프리헷 공릉풍림점,cafe_24h,서울 노원구 공릉동 725,서울 노원구 섬밭로 139,37.628563092602,127.068146065613
1036308176,카페프리헷 동덕여대점,cafe_24h,서울 성북구 하월곡동 24-11,서울 성북구 화랑로13길 75,37.6063465675647,127.040716926504
935792945,24시 무인카페(I`m),cafe_24h,서울 강북구 미아동 454-4,서울 강북구 도봉로13길 42,37.615269191961,127.027870862734
852469870,"카페 취, 향 상계점",cafe_24h,서울 노원구 상계동 1282,서울 노원구 노원로 434,37.65537679733019,127.06742601934684
754535129,수24시 무인카페,cafe_24h,서울 강북구 수유동 449-6,서울 강북구 삼양로87길 11,37.6350587677186,127.016767510885
641722953,카페프리헷 중계을지점,cafe_24h,서울 노원구 중계동 580,서울 노원구 덕릉로71길 5,37.65051138567461,127.07068516263165
1163877506,럭키스팟 한예종점,cafe_24h,서울 성북구 석관동 337-23,서울 성북구 화랑로32길 17,37.6095341127855,127.056420372457
1042414964,카페만월경 상계중앙점,cafe_24h,서울 노원구 상계동 389-510,서울 노원구 상계로9가길 34,37.6591994680165,127.067767201678
802387500,밀리제빵소,cafe_24h,서울 성북구 정릉동 492-5,서울 성북구 아리랑로19길 56,37.6023365175835,127.010416215455
97652761,카페 브니엘,cafe_24h,서울 성북구 석관동 335-10,서울 성북구 돌곶이로23길 17,37.6098069178925,127.056826033811
1961108509,카페프리헷 중계8단지점,cafe_24h,서울 노원구 중계동 362-1,서울 노원구 한글비석로5길 62,37.6463176873192,127.074463511732
54108481,카페프리헷 월곡점,cafe_24h,서울 성북구 하월곡동 34-7,서울 성북구 월곡로14길 9,37.6006150868646,127.041525746016
13565008,카페온더플랜 성신여대점,cafe_24h,서울 성북구 동선동1가 85-108,서울 성북구 동소문로22길 39-4,37.5912686430514,127.018551206533
1934639564,가성비카페,cafe_24h,서울 성북구 석관동 340-213,서울 성북구 화랑로32길 54-5,37.6079803617007,127.057344474933
1508248334,아아수혈,cafe_24h,서울 성북구 동선동3가 8,서울 성북구 동소문로26다길 23,37.5949444268282,127.020155500363
184108514,플러스82 성신여대점,cafe_24h,서울 성북구 동선동1가 3-12,서울 성북구 동소문로20다길 3,37.5916653347758,127.016849485468
1152369294,카페인24 상계점,cafe_24h,서울 노원구 상계동 173-1,서울 노원구 한글비석로 396,37.66055159839006,127.07271426981029
1711433898,데이롱카페 성북돈암점,cafe_24h,서울 성북구 돈암동 48-15,서울 성북구 동소문로 179-48,37.59840411275964,127.02085058490509
1872057695,빵백화점 마곡점,cafe_24h,서울 강서구 마곡동 798-16,서울 강서구 마곡중앙1로 14,37.55847054255604,126.82513450777431
269898088,에이바우트커피 양천향교역점,cafe_24h,서울 강서구 등촌동 684-2,서울 강서구 강서로 466,37.5669715880564,126.8411820525029
1525855296,카페물마루,cafe_24h,서울 강서구 염창동 248-1,서울 강서구 양천로71길 8,37.552146417772,126.871384178534
1453264045,커피가필요해,cafe_24h,서울 강서구 마곡동 748,서울 강서구 마곡중앙1로 71,37.558577603765265,126.81963946800724
727217143,해머스미스커피 마곡아이파크점,cafe_24h,서울 강서구 마곡동 795-2,서울 강서구 마곡중앙8로 90,37.56045926990526,126.83792381906453
1874608537,카페만월경 강서가양점,cafe_24h,서울 강서구 가양동 1475,서울 강서구 허준로 139,37.56445259902243,126.85535386988057
1402407929,카페홈즈 마곡점,cafe_24h,서울 강서구 마곡동 800-3,서울 강서구 공항대로 220,37.558652057245716,126.83161805544516
251517479,카페도아,cafe_24h,서울 강서구 방화동 598-100,서울 강서구 방화동로 71,37.5668376506072,126.812520249848
395024064,카페만월경 마곡나루역점,cafe_24h,서울 강서구 마곡동 760,서울 강서구 마곡중앙5로 6,37.5673137694852,126.827555370904
2130803092,카페인24 가양점,cafe_24h,서울 강서구 가양동 448-11,서울 강서구 화곡로72길 62,37.5604140281942,126.858821614064
207066897,카페프리헷 마곡점,cafe_24h,서울 강서구 마곡동 741,서울 강서구 마곡서1로 81,37.5637837407151,126.820351306921
789642414,카페일분 등촌역점,cafe_24h,서울 강서구 등촌동 646-4,서울 강서구 공항대로59길 45,37.5537168948899,126.863396157645
899105692,데이롱카페 강서발산점,cafe_24h,서울 강서구 내발산동 686-5,서울 강서구 강서로47길 64,37.5530871229502,126.832618547625
1658797418,커피 브레이크,cafe_24h,서울 강서구 화곡동 158-19,서울 강서구 곰달래로31길 37,37.5325394051653,126.851127570483
1331972183,카페인24 염창점,cafe_24h,서울 강서구 염창동 288,서울 강서구 양천로75길 57,37.5520554120537,126.87558400527
1394134751,밀라커피 화곡점,cafe_24h,서울 강서구 화곡동 861-3,서울 강서구 곰달래로 199-2,37.531463290706,126.855218481042
1939180435,카페만월경 염창점,cafe_24h,서울 강서구 염창동 272-11,서울 강서구 공항대로65길 21,37.55059228520524,126.86900583770047
1162251930,라운지엑스24h 원그로브점,cafe_24h,서울 강서구 마곡동 769,서울 강서구 공항대로 165,37.56170063432818,126.82454180422322
1911756535,더리터24 강서방화점,cafe_24h,서울 강서구 방화동 285-1,서울 강서구 양천로 93,37.5735851576231,126.814205873671
921191675,논오프,cafe_24h,서울 양천구 목동 803-27,서울 양천구 국회대로 279,37.53034543992379,126.86615856585787
534417851,데이롱카페 염창역점,cafe_24h,서울 양천구 목동 535-12,서울 양천구 목동중앙북로16길 30,37.5448652674168,126.873717544485
487595223,할리스 목동점,cafe_24h,서울 양천구 목동 917-1,서울 양천구 목동서로 159-1,37.5282495207141,126.875029611055
1721939548,티오무인셀프카페24 목동점,cafe_24h,서울 양천구 목동 806-18,서울 양천구 국회대로 269,37.5301916169448,126.864794431318
1668658019,킹스호두파이,cafe_24h,서울 양천구 신정동 888-2,서울 양천구 신정중앙로19길 8,37.5271931844756,126.861766812497
653984598,사과당 베이커리랩,cafe_24h,서울 양천구 목동 917-1,서울 양천구 목동서로 159-1,37.5282242496138,126.874988925642
20596704,이디야커피 오목교대학학원점,cafe_24h,서울 양천구 목동 406-35,서울 양천구 오목로 319,37.5250687717125,126.873138902148
1292006875,밀라커피 신정네거리역점,cafe_24h,서울 양천구 신정동 1183-32,서울 양천구 중앙로43길 9,37.5199133318849,126.852290642121
1085056692,카페만월경 양평점,cafe_24h,서울 영등포구 양평동5가 76,서울 영등포구 양평로24길 9,37.54027996609509,126.891745605844
231353122,데이롱카페 목동아이파크점,cafe_24h,서울 양천구 신월동 1075,서울 양천구 남부순환로83길 17,37.516802200756516,126.84120359951636
126750749,카페일분 신정점,cafe_24h,서울 양천구 신정동 85-169,서울 양천구 신목로 65,37.5209346510353,126.872838212394
1255001020,24시무인카페ON,cafe_24h,서울 강서구 등촌동 664-4,서울 강서구 화곡로61길 123,37.558416099455,126.845532656821
1821204312,와이엔 24시 스터디카페,cafe_24h,서울 강서구 화곡동 1017-1,서울 강서구 화곡로13길 92,37.5440516431215,126.833060822602
1100071707,24시무인셀프카페,cafe_24h,서울 강서구 등촌동 637-10,서울 강서구 화곡로68길 120,37.55658754649655,126.86037933084356
2037619142,소나무공원 옆 24시 무인카페,cafe_24h,서울 강서구 화곡동 29-177,서울 강서구 까치산로15길 6,37.5468414719564,126.84798835728
982338381,24시 무인 Self Cafe셀프카페,cafe_24h,서울 강서구 화곡동 772-63,서울 강서구 등촌로13길 7,37.5354963726125,126.862940621851
1071186217,데이롱카페 선유도점,cafe_24h,서울 영등포구 양평동4가 127-1,서울 영등포구 선유로51길 33-1,37.5380003161173,126.89460020425
700073280,카페프리헷 목동13단지점,cafe_24h,서울 양천구 신정동 327,서울 양천구 목동동로 100,37.513469450882084,126.86360414783594
1351592,할리스 당산역점,cafe_24h,서울 영등포구 당산동5가 28,서울 영등포구 당산로 219,37.533465015020006,126.90124112178198
21458966,할리스 합정역점,cafe_24h,서울 마포구 합정동 374-1,서울 마포구 양화로 36,37.5485599854878,126.913389616985
567747228,카페카운티,cafe_24h,서울 영등포구 당산동1가 53,서울 영등포구 영등포로 143,37.5213552049205,126.897656418459
1688986941,카페럭키스팟,cafe_24h,서울 영등포구 양평동3가 101,서울 영등포구 선유로 201,37.5313565165418,126.893792705659
651160633,카페모래내1번지,cafe_24h,서울 서대문구 남가좌동 296-13,서울 서대문구 수색로 43,37.5697910462646,126.913351455132
13577612,이디야커피 망원역점,cafe_24h,서울 마포구 서교동 441-11,서울 마포구 월드컵로 82-1,37.55637643718808,126.91016754060317
1607341782,라운지엑스24h 상암DMC역점,cafe_24h,서울 마포구 상암동 1258,서울 마포구 성암로 205,37.5778452029991,126.896755002535
1141465571,탐앤탐스 DMC점,cafe_24h,서울 은평구 증산동 223-13,서울 은평구 수색로 195,37.5785684646709,126.90068006769
275240010,와유,cafe_24h,서울 영등포구 당산동6가 324-4,서울 영등포구 당산로47길 18,37.53566990714943,126.90249863189769
506852608,심신프리 홍대점,cafe_24h,서울 마포구 서교동 358-9,서울 마포구 어울마당로 98-1,37.553730742721285,126.92235580906353
1725229566,카페카운티 홍대점,cafe_24h,서울 마포구 서교동 463-15,서울 마포구 동교로 150,37.5553032693295,126.918763194685
17165638,드롭탑 서여의도점,cafe_24h,서울 영등포구 여의도동 14-2,서울 영등포구 국회대로70길 7,37.53001563782147,126.91981336748115
26410594,이디야커피 홍대청기와점,cafe_24h,서울 마포구 서교동 351-5,서울 마포구 월드컵북로 7,37.5556145088598,126.920669831694
2022278875,내사랑을먹어주세요,cafe_24h,서울 관악구 봉천동 867-11,서울 관악구 관악로15길 23-16,37.4795429728125,126.950788904267
1868067366,디저트문,cafe_24h,서울 관악구 신림동 1432-64,서울 관악구 신림로67길 9,37.4860370576077,126.928812032759
1602278327,꼬마다방,cafe_24h,서울 관악구 신림동 1423-19,서울 관악구 봉천로12길 63,37.4859821123215,126.930350946709
566078839,스택빈 신림봉천점,cafe_24h,서울 관악구 봉천동 1714,서울 관악구 봉천로 352,37.4841867369841,126.939110687371
207290507,엔제리너스 구로디지털역점,cafe_24h,서울 관악구 신림동 1643-6,서울 관악구 시흥대로 572,37.4838894519621,126.902815834936
1087512677,아토커피 신림점,cafe_24h,서울 관악구 신림동 463-74,서울 관악구 관천로 79,37.48559408835814,126.92356610351598
1482024129,카페in하루,cafe_24h,서울 관악구 신림동 1432-94,서울 관악구 신림로65길 14,37.4852008509383,126.928694105541
491547751,커피에반하다 신림녹두거리점,cafe_24h,서울 관악구 신림동 1535-9,서울 관악구 신림로19길 30,37.4690659953251,126.935710186145
787305706,카페일분 관악산역점,cafe_24h,서울 관악구 신림동 231-18,서울 관악구 신림로3가길 46,37.468970245649864,126.94221814463083
699989553,데이롱카페 사당역점,cafe_24h,서울 관악구 남현동 1082-15,서울 관악구 남현길 76,37.4735283898171,126.975780227183
877522216,카페일분 신림점,cafe_24h,서울 관악구 신림동 1714,서울 관악구 호암로 399,37.46323287127325,126.92647689569453
1444618438,카페드보사,cafe_24h,서울 관악구 봉천동 1540-13,서울 관악구 청룡10길 50,37.47915379891686,126.94291465683577
1715314580,카페인24 관악드림타운점,cafe_24h,서울 관악구 봉천동 1712,서울 관악구 성현로 80,37.4889822054672,126.949292410608
1361854527,카페신호 신사점,cafe_24h,서울 관악구 신림동 477-18,서울 관악구 관천로19길 76,37.4870768555456,126.917764096246
358784518,마실커피,cafe_24h,서울 관악구 신림동 1578-41,서울 관악구 남부순환로172길 20,37.48309639555963,126.92481800639914
800031427,커피에반하다 서울대벤처타운점 스마트카페,cafe_24h,서울 관악구 신림동 1516-4,서울 관악구 대학길 6,37.4703393065183,126.937734860325
310039441,커피에반하다 신림고시촌점 스마트카페,cafe_24h,서울 관악구 신림동 1520-17,서울 관악구 호암로24길 47,37.46952558121051,126.93583979278256
1021699878,무인카페별밤,cafe_24h,서울 관악구 봉천동 13-23,서울 관악구 청림길 14-1,37.4881608506881,126.959582496149
2139448843,하루커피,cafe_24h,서울 관악구 신림동 465-33,서울 관악구 남부순환로161길 6,37.4835618972338,126.921554489433
2009982842,스터디카페공유,cafe_24h,서울 동작구 상도동 505-8,서울 동작구 상도로61길 35,37.4949291513669,126.956846788665
1046923826,수풀,cafe_24h,서울 동작구 상도동 531,서울 동작구 상도로 346-1,37.495284819527974,126.94945211926976
26603579,세녹,cafe_24h,서울 동작구 사당동 147-50,서울 동작구 사당로 304,37.4848749054006,126.981325884235
1337075525,심야커피,cafe_24h,서울 동작구 사당동 319-44,서울 동작구 동작대로11길 104,37.4816275607262,126.97576178454396
919838583,에그카페24 상도점,cafe_24h,서울 동작구 상도동 210-213,서울 동작구 양녕로25길 10,37.4983544039432,126.943185023448
363573749,비트박스 디즈팩트리 사당,cafe_24h,서울 동작구 사당동 1018-1,서울 동작구 동작대로13길 17,37.48170666634861,126.97955838238504
364558852,셀프리커피,cafe_24h,서울 동작구 신대방동 364-2,서울 동작구 여의대방로22길 40,37.4975954928093,126.922168570014
1195372220,카페프리 헷 흑석점,cafe_24h,서울 동작구 흑석동 10,서울 동작구 현충로 115,37.5073436570049,126.966561778928
1025881816,카페신호,cafe_24h,서울 동작구 신대방동 474-4,서울 동작구 여의대방로10가길 9,37.49332755453,126.914534476798
24693940,24시만화카페,cafe_24h,서울 관악구 신림동 1432-76,서울 관악구 신림로 351,37.48564808245812,126.92924545213471
1284845353,라이아스커피 24시 프리미엄 무인셀프카페,cafe_24h,서울 관악구 신림동 466-22,서울 관악구 남부순환로163나길 2,37.48422060816,126.921665735879
670401153,미르보드카페 미림점 & 무인 24시 카페,cafe_24h,서울 관악구 신림동 307-5,서울 관악구 호암로 528,37.4647533270507,126.93173160352704
257329193,옐로우캔 독산직영점,cafe_24h,서울 금천구 독산동 973-6,서울 금천구 독산로 325,37.47589794305455,126.90335188170066
8115422,투썸플레이스 여의도점,cafe_24h,서울 영등포구 여의도동 37,서울 영등포구 의사당대로 108,37.52103372281771,126.92416910223983
1271773038,데이롱카페 신풍역점,cafe_24h,서울 영등포구 신길동 4975,서울 영등포구 신풍로 28,37.49995788724377,126.90946390249727
640732299,24시 무인카페 만월경 신길점,cafe_24h,서울 영등포구 신길동 4905,서울 영등포구 신길로42길 22-1,37.5072730564628,126.912936303901
1518378858,원투데이커피,cafe_24h,서울 금천구 독산동 1042-6,서울 금천구 독산로 201-1,37.464921041488786,126.9023859850657
1493190525,카페만월경 구로디지털점,cafe_24h,서울 구로구 구로동 1128-3,서울 구로구 디지털로32가길 16,37.4829470465458,126.898586205585
116052472,카페인24 더샵파크프레스티지점,cafe_24h,서울 영등포구 신길동 4974,서울 영등포구 가마산로79길 37,37.5085831601623,126.916745206777
1036140107,아토커피 독산점,cafe_24h,서울 금천구 독산동 1032-1,서울 금천구 범안로 1234,37.4663452754297,126.898857320817
1312848528,카페만월경 영등포로터리점,cafe_24h,서울 영등포구 영등포동1가 92-3,서울 영등포구 경인로114길 6,37.5184555968111,126.913182352132
1302220326,도화아파트먼트 마포,cafe_24h,서울 마포구 도화동 346-2,서울 마포구 도화2길 27,37.53954031940306,126.94949014868469
1707268144,아토커피 서초교대점,cafe_24h,서울 서초구 서초동 1717-6,서울 서초구 서초대로 265,37.4930381394636,127.010554805394
1962820902,커피랑도서관 반포점,cafe_24h,서울 서초구 반포동 58-9,서울 서초구 고무래로 12,37.50344930522157,127.01013329620615
642697440,카페만월경 남구로점,cafe_24h,서울 구로구 구로동 1265,서울 구로구 도림로 59,37.4893048551904,126.889860779105
1986536557,카페아에 구로점,cafe_24h,서울 금천구 독산동 151-3,서울 금천구 시흥대로139길 19,37.4727075385099,126.897035451375
881806479,카페만월경 독산점,cafe_24h,서울 금천구 독산동 146-1,서울 금천구 시흥대로 471-1,37.475690963901,126.898286246107
319410356,데이롱카페 신길센트럴자이점,cafe_24h,서울 영등포구 신길동 4964,서울 영등포구 신길로29길 17,37.502121997369706,126.90700830698871
27179434,엔제리너스 건대역점,cafe_24h,서울 광진구 화양동 6-1,서울 광진구 능동로 103,37.5402094246461,127.070510750912
1691652568,탐앤탐스 블랙그레이트점,cafe_24h,서울 광진구 구의동 245-11,서울 광진구 아차산로 426,37.537797926772825,127.08972530729767
1037589212,카페프리헷 자양역점,cafe_24h,서울 광진구 자양동 90-3,서울 광진구 자양강변길 115,37.5323088745982,127.065246904008
1189330501,카페 이오스,cafe_24h,서울 광진구 중곡동 161-32,서울 광진구 능동로40길 7,37.5582409477894,127.080612990841
2129934812,호아 오아시스 1호점,cafe_24h,서울 광진구 중곡동 91-42,서울 광진구 용마산로2길 15,37.5550865254853,127.089415566892
1060181905,24시 무인카페 카페& 아이스크림할인점 세종대점,cafe_24h,서울 광진구 군자동 117-47,서울 광진구 동일로52길 24,37.554343123938615,127.07244119316724
978621716,중곡동커피집,cafe_24h,서울 광진구 중곡동 39-2,서울 광진구 긴고랑로15길 10,37.5624359386261,127.083280727782
112388163,커피에반하다 구의역점 스마트카페,cafe_24h,서울 광진구 구의동 246-1,서울 광진구 아차산로55길 11,37.53796799656509,127.08639446629059
203989315,밍글,cafe_24h,서울 광진구 화양동 10-1,서울 광진구 능동로13길 39,37.54352984327,127.07011557125
577853944,탐앤탐스 성수1호점,cafe_24h,서울 성동구 성수동2가 325-2,서울 성동구 성수이로 51,37.54002750477772,127.05511086041727
356112103,라운지엑스24h 성수본점,cafe_24h,서울 성동구 성수동2가 284-124,서울 성동구 성수일로10길 12,37.547362200141,127.051884378219
12526358,탐앤탐스 장한평역점,cafe_24h,서울 동대문구 장안동 433-5,서울 동대문구 장한로 20,37.56297936101901,127.06598444276024
516023474,라운지엑스24h 서울숲AK점,cafe_24h,서울 성동구 성수동1가 13-207,서울 성동구 성수일로 99,37.5494708424995,127.051184221092
1720230399,카페인러쉬,cafe_24h,서울 송파구 잠실동 27,서울 송파구 송파대로 567,37.516135292961074,127.0930249145196
1797549779,데이롱카페 장안중앙점,cafe_24h,서울 동대문구 장안동 444-12,서울 동대문구 천호대로89길 46,37.563591109492,127.069181345257
10809501,탐앤탐스 방이점,cafe_24h,서울 송파구 방이동 34-2,서울 송파구 오금로11길 11-8,37.51478646688855,127.10886682184922
858867104,백억커피 방이점,cafe_24h,서울 송파구 방이동 34-2,서울 송파구 오금로11길 11-8,37.5149775908495,127.108746069462
1422701010,백억커피 장안점,cafe_24h,서울 동대문구 장안동 186-42,서울 동대문구 한천로18길 9,37.5691131988483,127.064612282281
659889297,24시무인셀프카페 장안점,cafe_24h,서울 동대문구 장안동 342-14,서울 동대문구 장한로26길 32,37.57136517929239,127.07320025197318
1938778776,카페만월경 답십리자이점,cafe_24h,서울 동대문구 답십리동 21-35,서울 동대문구 답십리로56가길 1,37.5681371379345,127.058228511898
650643335,24시만화카페라이브러리,cafe_24h,서울 광진구 자양동 216-26,서울 광진구 아차산로 370,37.5364416448589,127.083975936755
34758090,픽셀커피 송파방이점,cafe_24h,서울 송파구 방이동 149-1,서울 송파구 백제고분로 468,37.5120762261971,127.113672228165
1172527233,청정24시스터디카페,cafe_24h,서울 광진구 자양동 666-28,서울 광진구 자양로3길 49,37.5298138656748,127.084000183479
1396168776,브루브루카페,cafe_24h,서울 송파구 송파동 141-1,서울 송파구 오금로 174,37.5092046935145,127.113706328746
1263130255,24시 무인카페 카페& 아이스크림할인점 군자동점,cafe_24h,서울 광진구 군자동 470-9,서울 광진구 면목로 28,37.55667248761326,127.07628008688498
1371738239,카페인코너,cafe_24h,서울 중랑구 면목동 347-27,서울 중랑구 면목로31길 48,37.5761315651397,127.082571468413
871038104,아토커피 잠실점,cafe_24h,서울 송파구 석촌동 294,서울 송파구 송파대로39길 1-10,37.5023677710489,127.109031998794
2142832719,콜렉티보 왕십리역점,cafe_24h,서울 성동구 행당동 168-151,서울 성동구 왕십리광장로 17,37.5614418431116,127.038393741712
1469450192,더리터24 송파방이점,cafe_24h,서울 송파구 방이동 136-5,서울 송파구 가락로 245,37.5101663823943,127.117976366364
1443060989,커피랑도서관 가락센터점,cafe_24h,서울 송파구 가락동 48-10,서울 송파구 송이로 83,37.49856797598647,127.12042681485616
234575360,카페코너,cafe_24h,서울 구로구 개봉동 403-217,서울 구로구 남부순환로95길 34,37.4941344799505,126.85649940289
751676723,나우커피 구로역점,cafe_24h,서울 구로구 구로동 569-9,서울 구로구 새말로 17,37.5022184375632,126.8827452329
835821099,온커피 신도림역점,cafe_24h,서울 구로구 구로동 41,서울 구로구 공원로6나길 26,37.50401794892693,126.89144286504207
948122965,카페일분 천왕점,cafe_24h,서울 구로구 천왕동 281-1,서울 구로구 오리로 1100,37.48349767326665,126.84204634415413
78914449,행복무인까페,cafe_24h,서울 구로구 개봉동 63-9,서울 구로구 고척로 95,37.5010022078016,126.844599262267
1344688243,카페인24 구로온수점,cafe_24h,서울 구로구 온수동 141,서울 구로구 부일로9길 133,37.4969025594898,126.822186429547
948374812,데이롱카페 구로항동점,cafe_24h,서울 구로구 항동 241,서울 구로구 항동로 42,37.47787331205318,126.82461022813209
665812494,24시무인카페 귀족,cafe_24h,서울 구로구 신도림동 416-22,서울 구로구 신도림로9길 2,37.5079830221698,126.880009337289
1454789257,무인카페 메일빈24 광명점,cafe_24h,경기 광명시 광명동 281-19,경기 광명시 광오로 15,37.4753861375376,126.850544609267
8189780,모목지,cafe_24h,경기 광명시 광명동 374-146,경기 광명시 광명로812번길 13,37.4705137335572,126.850746487331
896760403,데이롱카페 대림현대점,cafe_24h,서울 영등포구 대림동 783-1,서울 영등포구 대림로 247,37.50260503541591,126.8963045384242
1770559111,카페만월경 영등포도림점,cafe_24h,서울 영등포구 도림동 222-8,서울 영등포구 도영로7길 8,37.50919745611482,126.89604093689015
1282824130,무인카페 유유얼셀프 대림점,cafe_24h,서울 영등포구 대림동 785,서울 영등포구 도신로4길 2,37.50328172577903,126.89532307304042
1021659663,24시무인카페 온커피 도림동점,cafe_24h,서울 영등포구 도림동 174,서울 영등포구 도림로 369-10,37.51013837769798,126.89842614466112
811019501,카페일분 영등포점,cafe_24h,서울 영등포구 영등포동 647,서울 영등포구 도신로29길 28,37.5118929555048,126.900927967424
501584256,카페여행소설,cafe_24h,경기 부천시 소사구 괴안동 116-12,경기 부천시 소사구 부광로22번길 26,37.482350250473,126.812188853152
1130867652,데이롱카페 역곡예성점,cafe_24h,경기 부천시 원미구 역곡동 104-13,경기 부천시 원미구 지봉로127번길 35,37.4903179148746,126.812226574158
749723144,데이롱카페 여의도랜드마크점,cafe_24h,서울 영등포구 영등포동2가 330,서울 영등포구 영등포로 243,37.5195334270262,126.908708375767
2062090944,사랑방,cafe_24h,경기 부천시 소사구 괴안동 110-25,경기 부천시 소사구 범안로7번길 77,37.4825321310662,126.809299635001
624102829,24시무인24시데일리카페 광명점,cafe_24h,경기 광명시 광명동 33,경기 광명시 오리로 928,37.4778812438877,126.860290736496
2052958912,오늘스터디카페,cafe_24h,서울 구로구 천왕동 14-78,서울 구로구 오류로 20,37.4862306459387,126.839532725517
1644965711,데이롱카페 금천시흥점,cafe_24h,서울 금천구 시흥동 991-46,서울 금천구 시흥대로51길 19,37.4509872821572,126.900696426245
1726936643,카페일분 금천점,cafe_24h,서울 금천구 독산동 1065-43,서울 금천구 시흥대로90길 18,37.4613593648169,126.899191827818
473864854,박미마을편한커피,cafe_24h,서울 금천구 시흥동 940-13,서울 금천구 시흥대로 94,37.4424159278101,126.903956586827
775967114,소하24카페,cafe_24h,경기 광명시 소하동 29-1,경기 광명시 신촌북로 19,37.4508353712427,126.89186672482
702134316,포터스하우스,cafe_24h,경기 광명시 소하동 1240,경기 광명시 기아로 18,37.436287564699064,126.8814978944927
421273801,소하24카페 석수역점,cafe_24h,경기 안양시 만안구 석수동 878,경기 안양시 만안구 경수대로1406번길 58,37.433772861048,126.905537060779
597842220,더콤마라운지 광명GIDC점,cafe_24h,경기 광명시 일직동 514,,37.4233938698912,126.885924212794
1730147307,화이트펜슬 스터디카페 가산점,cafe_24h,서울 금천구 가산동 152-30,서울 금천구 가산로7길 12,37.4755505255633,126.892319513822
1191128169,화이트펜슬스터디카페 구로디지털단지역점,cafe_24h,서울 관악구 신림동 1653,서울 관악구 조원로 20,37.4832655713237,126.904556703399
927304902,토브24시간 무인카페,cafe_24h,경기 광명시 하안동 110-5,경기 광명시 하안로288번길 12,37.46159209573659,126.88287312912226
2006188100,크린토피아 코인워시365 독산역롯데캐슬점,cafe_24h,서울 금천구 독산동 1005-1,서울 금천구 범안로12길 44,37.4647492532547,126.892362135398
1208119785,카페인24 금천벽산타운점,cafe_24h,서울 금천구 시흥동 1010,서울 금천구 금하로 793,37.44991003117592,126.91757312088582
227543836,카페프리헷 공릉점,cafe_24h,서울 노원구 공릉동 108,서울 노원구 노원로 58,37.626796128132185,127.08624795675243
882764100,나우커피,cafe_24h,서울 노원구 공릉동 644-20,서울 노원구 공릉로 116,37.6205227289523,127.078243712859
1057580685,플러스82 공릉점,cafe_24h,서울 노원구 공릉동 593-23,서울 노원구 동일로176길 15,37.62013774499624,127.07588613321336
876189295,공릉커피,cafe_24h,서울 노원구 공릉동 609-37,서울 노원구 동일로173가길 25,37.6194105226289,127.073232605535
1103990172,카페만월경 중계점,cafe_24h,서울 노원구 중계동 359-1,서울 노원구 중계로 230,37.65437745860551,127.07653064408274
235737484,몽글몽글24시무인카페,cafe_24h,서울 노원구 상계동 135-75,서울 노원구 한글비석로46길 48,37.6656396981911,127.069288418164
578265318,24시프리카페 태릉입구역점,cafe_24h,서울 노원구 공릉동 661-20,서울 노원구 동일로174길 38,37.6189734681226,127.077580595086
1340416552,카페프리 헷 수락리버시티점,cafe_24h,경기 의정부시 장암동 412,경기 의정부시 누원로 52,37.690710422000144,127.05354417769333
1209170820,카페만월경 노원마들역점,cafe_24h,서울 노원구 상계동 673,서울 노원구 노원로 522,37.66118707903105,127.06108458854803
75601018,카페만월경 노원상계점,cafe_24h,서울 노원구 상계동 746-5,서울 노원구 동일로 1361,37.65004173877975,127.06145167032001
934654183,카페인24 중계점,cafe_24h,서울 노원구 중계동 426-8,서울 노원구 한글비석로15길 105,37.6536111450709,127.073021403887
1649823547,지니카페,cafe_24h,서울 노원구 중계동 107-51,서울 노원구 중계로16길 26,37.65111052916348,127.08184985413732
104793770,"카페 취,향 마들점",cafe_24h,서울 노원구 상계동 630,서울 노원구 동일로228길 35,37.6679409589988,127.059064667248
1607483398,데이롱카페 노원공릉점,cafe_24h,서울 노원구 공릉동 81,서울 노원구 공릉로34길 38,37.6231659767432,127.081277746635
32275138,카공족 빌리지 공릉점,cafe_24h,서울 노원구 공릉동 633-3,서울 노원구 동일로176길 46,37.6203186580785,127.077557073128
600736762,이디야커피 의정부장암역점,cafe_24h,경기 의정부시 장암동 179-33,경기 의정부시 동일로128번길 13,37.7003840301871,127.055857554913
1603797775,트렌드잇카페24,cafe_24h,경기 남양주시 별내동 835-3,경기 남양주시 덕송2로10번길 3-9,37.66603695164273,127.11356205859495
26848196,파리바게뜨 별내별가람역점,cafe_24h,경기 남양주시 별내동 826,경기 남양주시 별내3로 340,37.66775050147492,127.1164515311814
677721625,메모리케이크,cafe_24h,경기 남양주시 별내동 845,경기 남양주시 덕송2로6번길 16-71,37.6655703687305,127.116208977012
2134860050,카페만월경 GS더프레시 남양주별내점,cafe_24h,경기 남양주시 별내동 1095,경기 남양주시 별내5로5번길 8,37.65018075441587,127.11337926623864
926345681,카페프리헷 의정부장암점,cafe_24h,경기 의정부시 장암동 14-13,경기 의정부시 동일로 395,37.7235937234649,127.060104735936
799075223,더노벰버라운지 청량리그라시엘점,cafe_24h,서울 동대문구 용두동 39-1,서울 동대문구 고산자로32길 78,37.5775879528555,127.042842003237
533776372,일프레소 신설,cafe_24h,서울 동대문구 신설동 93-54,서울 동대문구 천호대로7길 9,37.5744425890685,127.027748098197
158646650,투썸플레이스 한국외대점,cafe_24h,서울 동대문구 이문동 288-64,서울 동대문구 이문로 104,37.5959759766929,127.060138952594
1759736914,무인정,cafe_24h,서울 동대문구 제기동 122-518,서울 동대문구 회기로4길 41,37.5893315943766,127.037250907524
2133722235,노벰버라운지 외대점,cafe_24h,서울 동대문구 이문동 288-41,서울 동대문구 휘경로2길 10,37.5956755962315,127.060822645662
1501629999,카페만월경 청량리점,cafe_24h,서울 동대문구 용두동 20-70,서울 동대문구 왕산로30길 18,37.5777356401299,127.040504361727
1288123172,킨크커피 청량리동부점,cafe_24h,서울 동대문구 청량리동 212,서울 동대문구 홍릉로10길 48,37.58619940387193,127.04589142104051
54516645,크프크프 시립대점,cafe_24h,서울 동대문구 휘경동 312-25,서울 동대문구 전농로38길 76,37.5873403386156,127.055712964569
1628488608,카페프리헷 고대한신점,cafe_24h,서울 동대문구 제기동 1212,서울 동대문구 고산자로 534,37.5875654074328,127.038008614481
1775603602,플러스82 성동구점,cafe_24h,서울 성동구 도선동 2-1,서울 성동구 고산자로 275,37.56432759339518,127.03598208038832
1840236979,탐앤탐스 왕십리센트라스점,cafe_24h,서울 성동구 하왕십리동 1070,서울 성동구 왕십리로 410,37.56663810244368,127.02392955847039
1334959426,카페프리헷 안암점,cafe_24h,서울 성북구 안암동1가 361-1,서울 성북구 고려대로17가길 78,37.5891208616029,127.022657319677
27183011,브레드원,cafe_24h,서울 종로구 숭인동 316-2,서울 종로구 지봉로 18,37.5717408821685,127.0159846908717
1315274155,밀라커피,cafe_24h,서울 종로구 창신동 702,서울 종로구 지봉로17길 36,37.58005376425708,127.01353093013994
1973869639,커피리드,cafe_24h,서울 중구 신당동 47-14,서울 중구 다산로36길 69,37.5610312820288,127.018466743167
2130613245,카페만월경 금호점,cafe_24h,서울 성동구 금호동1가 633,서울 성동구 금호로 102,37.551605370778276,127.02626618795242
117069022,카페만월경 남산타운점,cafe_24h,서울 중구 신당동 844,서울 중구 다산로 32,37.5514139561516,127.012114555146
16875348,상상하는삐삐,cafe_24h,서울 중랑구 중화동 324-1,서울 중랑구 중랑천로 117,37.5957062124689,127.072057776174
1275402302,더노벰버라운지 을지트윈타워점,cafe_24h,서울 중구 을지로4가 323,서울 중구 을지로 170,37.5661395435616,126.997327595127
312363766,카페인24 옥수점,cafe_24h,서울 성동구 옥수동 250-7,서울 성동구 한림말길 31,37.541079217204,127.014589772142
933209517,24시사계스터디카페 이수역점,cafe_24h,서울 동작구 사당동 91-129,서울 동작구 동작대로29나길 15,37.4887454874761,126.980406770835
1585636241,24시무인카페 별밤,cafe_24h,서울 동작구 상도동 521,서울 동작구 장승배기로10길 130,37.5020186528314,126.944784769931
411979028,24시사계스터디카페 남성역점 1관,cafe_24h,서울 동작구 사당동 254-6,서울 동작구 사당로 216,37.48406126256418,126.97203322585958
716276194,24시무인&셀프카페다온 상도점,cafe_24h,서울 동작구 상도동 296-1,서울 동작구 국사봉1길 101,37.4970598928644,126.93171690624
1936748175,일온스,cafe_24h,서울 용산구 한강로3가 16-91,서울 용산구 이촌로 5,37.5311191092626,126.955044045933
429366409,카페공감24,cafe_24h,서울 마포구 마포동 292-84,서울 마포구 마포대로4길 62,37.5369315061898,126.946495819275
898826031,카페프리헷 도화현대점,cafe_24h,서울 마포구 도화동 357,서울 마포구 새창로 52,37.5403464686614,126.955605390508
726490786,라운지엑스24h 용산더프라임점,cafe_24h,서울 용산구 원효로1가 41,서울 용산구 원효로90길 11,37.5403959787322,126.96970958332
708323384,데이롱카페 공덕래미안점,cafe_24h,서울 마포구 신공덕동 155,서울 마포구 백범로37길 16,37.5435519704792,126.95493247848
638484011,라운지엑스24h 마포프론트원점,cafe_24h,서울 마포구 공덕동 254-5,서울 마포구 마포대로 122,37.5453998887262,126.952552781564
1491550325,카페만월경 숙대점,cafe_24h,서울 용산구 청파동2가 71-88,서울 용산구 청파로47길 52,37.5449725094595,126.967647133328
20809319,가비애,cafe_24h,서울 마포구 서교동 337-3,서울 마포구 와우산로 147-1,37.554452408290956,126.92948262218383
939403724,퍼스트커피랩 홍대점,cafe_24h,서울 마포구 동교동 179-10,서울 마포구 신촌로4길 5-25,37.55726191891583,126.92981950294029
42248597,데이롱카페 홍대점,cafe_24h,서울 마포구 동교동 161-14,서울 마포구 동교로 182-6,37.5565848687744,126.92200087338
441207292,데이롱카페 이대역점,cafe_24h,서울 마포구 대흥동 12-5,서울 마포구 신촌로 180-1,37.5564737605921,126.945595690549
956946487,신스홍대카페&아이스크림,cafe_24h,서울 마포구 서교동 364-11,서울 마포구 와우산로21길 21-14,37.5518015085872,126.922055652409
2043606590,카페만월경 명지대점,cafe_24h,서울 서대문구 남가좌동 343-28,서울 서대문구 거북골로 53-31,37.5782644819104,126.923156757982
2096659893,카페만월경 남가좌점,cafe_24h,서울 서대문구 남가좌동 3-3,서울 서대문구 명지대길 91,37.5839289786055,126.923080741694
20526285,카페나무,cafe_24h,서울 서대문구 창천동 18-8,서울 서대문구 명물길 2,37.557215636647065,126.93723257522701
24757193,이디야커피 신촌역점,cafe_24h,서울 서대문구 창천동 30-20,서울 서대문구 신촌로 87-20,37.55641148582081,126.93637085775958
23346489,요거프레소 새절역점,cafe_24h,서울 은평구 신사동 335-27,서울 은평구 가좌로 271,37.59288713259466,126.91338016670196
266311541,24시 카페인 코너,cafe_24h,서울 서대문구 창천동 9-21,서울 서대문구 연세로 22,37.5575867702288,126.937087397902
1835583749,응암동커피24,cafe_24h,서울 은평구 응암동 325-7,서울 은평구 가좌로 212-10,37.58963381054373,126.91867041571506
211351831,카페앤 신촌점,cafe_24h,서울 서대문구 창천동 18-15,서울 서대문구 연세로4길 4,37.556941694473494,126.93715924086527
1430301098,카페 플레이스,cafe_24h,서울 서대문구 창천동 9-20,서울 서대문구 연세로 20,37.5574750333645,126.937062593033
1356463823,카페프리헷 향동점,cafe_24h,경기 고양시 덕양구 향동동 571,경기 고양시 덕양구 향기2로 22,37.5933442649017,126.890950903506
1297374274,카페만월경 응암점,cafe_24h,서울 은평구 응암동 760,서울 은평구 백련산로 38,37.592587675671666,126.92332659728699
1551007698,더노벰버라운지 이대점,cafe_24h,서울 서대문구 대현동 33-11,서울 서대문구 이화여대길 54,37.5593226364074,126.945428377593
2023096460,24시무인카페메일빈24 공덕점,cafe_24h,서울 마포구 공덕동 113-21,서울 마포구 만리재옛길 54-6,37.54829845365365,126.95741467034388
1734415680,청춘24시스터디카페,cafe_24h,서울 마포구 염리동 10-132,서울 마포구 숭문길 182,37.554523584397785,126.94665526600541
712972129,카페인24 은평역촌점,cafe_24h,서울 은평구 역촌동 73-3,서울 은평구 갈현로7길 16,37.6041217996675,126.908876897175
1925176383,보비커피,cafe_24h,서울 서대문구 대현동 144,서울 서대문구 이화여대길 50-12,37.559776663327526,126.94930106244433
38999245,카페인24 홍제문화촌현대점,cafe_24h,서울 서대문구 홍제동 273-199,서울 서대문구 문화촌길 6-25,37.593371884783735,126.94894424935985
1337749104,카페일분 홍제점,cafe_24h,서울 서대문구 홍제동 460,서울 서대문구 통일로34길 48,37.5859979160231,126.950477750555
1088556867,카페 틈,cafe_24h,서울 서대문구 홍은동 48-240,서울 서대문구 세검정로1길 34-4,37.592524272692,126.94349735867
772108593,커피에반하다 아현점 스마트카페,cafe_24h,서울 서대문구 북아현동 1011,서울 서대문구 북아현로1길 50,37.560221436616715,126.95288066246776
24812138,할리스 세종로점,cafe_24h,서울 종로구 세종로 200,서울 종로구 세종대로 161,37.5706637864363,126.97624687193
1491942174,카페만월경 역촌점,cafe_24h,서울 은평구 역촌동 219-8,서울 은평구 갈현로7길 36,37.6048085691039,126.906844389222
359665787,달빛흘러간자리,cafe_24h,서울 용산구 용산동2가 1-497,서울 용산구 신흥로 95-5,37.545447222965045,126.98509140198205
1936697936,더리터 직영종로점,cafe_24h,서울 종로구 관철동 7-1,서울 종로구 삼일대로 391,37.56948069289343,126.9873833311495
2144088909,라운지엑스24h 을지돌담길점,cafe_24h,서울 중구 을지로2가 205,서울 중구 삼일대로 358,37.5664831549142,126.988103725462
762846798,백억커피 연신내점,cafe_24h,서울 은평구 갈현동 453-3,서울 은평구 연서로29길 17,37.6191004056266,126.918264538768
401681031,디저트하우스,cafe_24h,서울 은평구 갈현동 110-11,서울 은평구 연서로27길 25,37.61842817711406,126.91684375218394
1317571859,카페만월경 서초반포점,cafe_24h,서울 서초구 반포동 54-12,서울 서초구 고무래로8길 13,37.501818485857875,127.01012176656916
308076217,데이롱카페 반포점,cafe_24h,서울 서초구 반포동 718,서울 서초구 주흥길 72-2,37.50897404650132,127.01918568869021
1562616572,카페24시위페드,cafe_24h,경기 과천시 주암동 19-12,경기 과천시 은행나무1길 35,37.4583971883264,127.033691070694
1343081943,24시스터디카페 한양대점,cafe_24h,서울 성동구 행당동 128-22,서울 성동구 왕십리로 257,37.5580242447292,127.038751891763
423777602,어라운드더클락,cafe_24h,서울 송파구 가락동 99-1,서울 송파구 송파대로28길 12,37.49381165834626,127.11944668760925
1842021041,백억커피 문정점,cafe_24h,서울 송파구 문정동 643-1,서울 송파구 법원로 114,37.48563260131916,127.1200532766528
1711609581,커피랑도서관 가락시장역점,cafe_24h,서울 송파구 문정동 150-23,서울 송파구 중대로 60-6,37.491243975931965,127.11563644850725
1845477128,라운지엑스24h 가락IT벤처타워점,cafe_24h,서울 송파구 가락동 78,서울 송파구 중대로 135,37.4950880409742,127.122422780899
1492087202,카페만월경 문정아이파크점,cafe_24h,서울 송파구 문정동 652-5,서울 송파구 법원로4길 6,37.4822688393667,127.122103376662
2020864864,더리터24 송파점,cafe_24h,서울 송파구 송파동 150-2,서울 송파구 가락로28길 7,37.50630062421184,127.11661422489
1928749936,카페만월경 송파레이크파크점,cafe_24h,서울 송파구 거여동 607,서울 송파구 위례송파로 80,37.4849570258149,127.141840180587
889003843,카페인24 올림픽훼미리점,cafe_24h,서울 송파구 문정동 150,서울 송파구 중대로 24,37.4880915578963,127.11815987015795
2087424921,큐어스24 송파점,cafe_24h,서울 송파구 거여동 2-8,서울 송파구 성내천로 134,37.4990003574312,127.143133324978
1547814607,엑스퍼트샵 727에어라운지,cafe_24h,서울 송파구 오금동 72-7,서울 송파구 마천로 142,37.5044221206915,127.13513080901
1367177878,노팅힐라운지 하남감일아클라우드점,cafe_24h,경기 하남시 감이동 438,경기 하남시 감일중앙로 80,37.510241207951324,127.15463720338178
1194901430,더콤마라운지 하남감일점,cafe_24h,경기 하남시 감일동 502-2,경기 하남시 감일로102번길 21,37.5095012208254,127.153457134741
2049698186,탐앤탐스 하남감일점,cafe_24h,경기 하남시 감이동 511-2,경기 하남시 감일백제로 177,37.50769681090018,127.1539182865695
125579433,24시 무인카페 만월경 신정점,cafe_24h,서울 양천구 신정동 1155-1,서울 양천구 중앙로29길 31,37.5165028137959,126.850679828319
1795586338,찐카페 24시셀프카페,cafe_24h,서울 양천구 목동 770-3,서울 양천구 목동중앙남로 13,37.53554134414,126.868416669898
1765601673,24시무인셀프카페 목동점,cafe_24h,서울 양천구 목동 796-4,서울 양천구 목동중앙서로 20,37.5325571508545,126.865941912919
1918694442,24시스터디카페 목동광장점,cafe_24h,서울 양천구 목동 907-14,서울 양천구 목동동로 385,37.5358802106571,126.879474740777
906275262,24시셀프카페 목2동점,cafe_24h,서울 양천구 목동 750-4,서울 양천구 목동중앙본로 36,37.5395914318521,126.869312484548
1243274401,24시프리카페 목동광장점,cafe_24h,서울 양천구 목동 907-14,서울 양천구 목동동로 385,37.5358874232651,126.879479254918
905588334,24시셀프무인카페 신월점,cafe_24h,서울 양천구 신월동 224-1,서울 양천구 곰달래로 8,37.52962297813099,126.83365752429617
1498925702,24시 셀프빨래방 카페 청파동,cafe_24h,서울 용산구 청파동1가 91-24,서울 용산구 청파로71길 57,37.549236728708,126.96689501325
1971866052,달달해신창24시,cafe_24h,서울 용산구 신창동 82-7,서울 용산구 효창원로23길 24-7,37.5370302166847,126.954110441466
134906044,틈,cafe_24h,서울 용산구 서계동 260-20,서울 용산구 효창원로 262,37.5505999370597,126.963816294477
276779213,카페프리헷 은평뉴타운2지구점,cafe_24h,서울 은평구 진관동 83,서울 은평구 진관2로 77,37.63433576212772,126.92741098118911
804938520,커피봇 우물골점,cafe_24h,서울 은평구 진관동 88,서울 은평구 진관2로 111-7,37.6364181491195,126.932311274865
1549692412,숲24시스터디카페,cafe_24h,서울 은평구 불광동 423,서울 은평구 연서로 292,37.6216710995849,126.926766309787
172728505,900원 숲24시스터디카페,cafe_24h,서울 은평구 응암동 84-7,서울 은평구 은평로 173,37.6016088125812,126.926817688123
1923680454,청춘24시스터디카페,cafe_24h,서울 은평구 불광동 12-2,서울 은평구 불광로 120,37.617458343792,126.933286707335
1914541315,노블24시스터디카페 은평직영센터,cafe_24h,서울 은평구 불광동 483-1,서울 은평구 통일로 908,37.6241004190302,126.920216496731
1980052158,무인카페쉼표,cafe_24h,경기 고양시 덕양구 화전동 234-8,경기 고양시 덕양구 중앙로78번안길 117,37.6002629298029,126.875430166124
1180206148,카페프리헷 삼송역점,cafe_24h,경기 고양시 덕양구 삼송동 291,경기 고양시 덕양구 동송로 70,37.65211396314635,126.89710554645265
541377692,아메리칸오,cafe_24h,경기 고양시 덕양구 지축동 848,경기 고양시 덕양구 오부자로 15,37.652891828505616,126.91197219361044
12520692,24시만화카페,cafe_24h,서울 종로구 숭인동 183-9,서울 종로구 종로 389,37.5747729217037,127.020566648057
202667184,토니씨의 작업실,cafe_24h,서울 종로구 명륜2가 222,서울 종로구 성균관로 13,37.5838747302871,126.997707368308
1257530801,카페 초롱,cafe_24h,서울 성북구 삼선동2가 109,서울 성북구 삼선교로16길 16-4,37.58760891663207,127.01032924628645
2427375,카페프리헷 보문점,cafe_24h,서울 성북구 보문동3가 2,서울 성북구 지봉로21길 19,37.58492670899228,127.01754991792868
844543351,달달해자이24시,cafe_24h,서울 중구 만리동2가 273,서울 중구 만리재로 175,37.55430615958222,126.96520538193448
185226717,로니씨의 작업실,cafe_24h,서울 성북구 동선동1가 2-9,서울 성북구 동소문로20가길 4,37.5921626745974,127.016903947482
1826428380,큐어스 24시카페 성북구점,cafe_24h,서울 성북구 동소문동6가 261-2,서울 성북구 동소문로13길 73,37.5942246261,127.013112272292
136681639,카야씨의 작업실,cafe_24h,서울 성북구 안암동3가 132-1,서울 성북구 고려대로16길 4,37.5862075811408,127.024514375366
347918519,밀라커피 독바위역점,cafe_24h,서울 은평구 불광동 220-1,서울 은평구 불광로 143,37.6194885228803,126.932151057216
1192265678,24시간스터디카페 프리카페 성균관대점,cafe_24h,서울 종로구 명륜3가 127,서울 종로구 창경궁로29길 25,37.5837377739414,126.99744584315
841664157,보드게임101 광화문점 24시간 무인카페,cafe_24h,서울 종로구 내수동 73,서울 종로구 새문안로3길 23,37.5725658604431,126.972438244896
154946081,카공족 명지대점,cafe_24h,서울 서대문구 홍은동 356-39,서울 서대문구 가좌로 120,37.5832268630313,126.925513330308
519411744,메노퀸즈,cafe_24h,서울 마포구 대흥동 12-5,서울 마포구 신촌로 180-1,37.5564737605858,126.945595690549
247807923,카페만월경 면목역점,cafe_24h,서울 중랑구 면목동 105-4,서울 중랑구 겸재로 198,37.5886593118637,127.089525912143
93129522,나우커피 서울중화점,cafe_24h,서울 중랑구 중화동 282-12,서울 중랑구 동일로140길 15,37.6043695506012,127.079965138617
1746131420,에그카페24 상봉점,cafe_24h,서울 중랑구 상봉동 279-34,서울 중랑구 상봉중앙로8나길 52,37.6004881044482,127.091125465353
546828997,카페인24 갈매점,cafe_24h,경기 구리시 갈매동 573,경기 구리시 갈매순환로 143,37.63248167678227,127.12166785833978
708517306,카페프리헷 구리동구릉역점,cafe_24h,경기 구리시 인창동 453,경기 구리시 동구릉로129번길 4,37.6107348204476,127.13704217130223
1333477844,봉프레 커피스튜디오(무인카페),cafe_24h,경기 구리시 갈매동 552-17,경기 구리시 갈매순환로 154,37.63284076095297,127.12293163351166
1888846508,청춘24시스터디카페 면목점,cafe_24h,서울 중랑구 면목동 720-6,서울 중랑구 동일로 492,37.57431130388212,127.08032579749656
1901152965,투썸플레이스 구리돌다리점,cafe_24h,경기 구리시 인창동 280-4,경기 구리시 경춘로 223,37.6008183758447,127.14024344896401
1259342928,커피공장,cafe_24h,경기 구리시 수택동 437-17,경기 구리시 원수택로 33,37.5952413274464,127.140174100259
1570574725,카페프리헷 별내역점,cafe_24h,경기 남양주시 별내동 999,경기 남양주시 별내1로 13-21,37.6436157821972,127.123651890905
1163099589,카페만월경 다산점,cafe_24h,경기 남양주시 다산동 6144-1,경기 남양주시 다산중앙로19번길 25-25,37.6135460090589,127.153774884552
1521866089,마이닥스 24시간애견카페,cafe_24h,서울 중랑구 면목동 617-3,서울 중랑구 면목로 306,37.5794326971256,127.087720491101
